operation,admin0Name,admin0Pcode,numPresentIdpInd,reportingDate,yearReportingDate,monthReportingDate,roundNumber,displacementReason,numberMales,numberFemales,idpOriginAdmin1Name,idpOriginAdmin1Pcode,assessmentType
Armed Clashes in Sudan (Overview),Sudan,SDN,218388,2026-01-31T00:00:00,2026,1,32,Conflict,,,North Kordofan,SD13,BA
Armed Clashes in Sudan (Overview),Sudan,SDN,6938,2026-01-31T00:00:00,2026,1,32,Conflict,,,Kassala,SD11,BA
Armed Clashes in Sudan (Overview),Sudan,SDN,5046,2026-01-31T00:00:00,2026,1,32,Conflict,,,Northern,SD17,BA
Armed Clashes in Sudan (Overview),Sudan,SDN,207963,2026-01-31T00:00:00,2026,1,32,Conflict,,,East Darfur,SD05,BA
Armed Clashes in Sudan (Overview),Sudan,SDN,358685,2026-01-31T00:00:00,2026,1,32,Conflict,,,West Darfur,SD04,BA
Armed Clashes in Sudan (Overview),Sudan,SDN,357585,2026-01-31T00:00:00,2026,1,32,Conflict,,,West Kordofan,SD18,BA
Armed Clashes in Sudan (Overview),Sudan,SDN,226703,2026-01-31T00:00:00,2026,1,32,Conflict,,,Blue Nile,SD08,BA
Armed Clashes in Sudan (Overview),Sudan,SDN,2279745,2026-01-31T00:00:00,2026,1,32,Conflict,,,Khartoum,SD01,BA
Armed Clashes in Sudan (Overview),Sudan,SDN,9494,2026-01-31T00:00:00,2026,1,32,Conflict,,,River Nile,SD16,BA
Armed Clashes in Sudan (Overview),Sudan,SDN,24605,2026-01-31T00:00:00,2026,1,32,Conflict,,,Red Sea,SD10,BA
Armed Clashes in Sudan (Overview),Sudan,SDN,2049468,2026-01-31T00:00:00,2026,1,32,Conflict,,,North Darfur,SD02,BA
Armed Clashes in Sudan (Overview),Sudan,SDN,66862,2026-01-31T00:00:00,2026,1,32,Conflict,,,Sennar,SD14,BA
Armed Clashes in Sudan (Overview),Sudan,SDN,756669,2026-01-31T00:00:00,2026,1,32,Conflict,,,Central Darfur,SD06,BA
Armed Clashes in Sudan (Overview),Sudan,SDN,369547,2026-01-31T00:00:00,2026,1,32,Conflict,,,South Kordofan,SD07,BA
Armed Clashes in Sudan (Overview),Sudan,SDN,161172,2026-01-31T00:00:00,2026,1,32,Conflict,,,Aj Jazirah,SD15,BA
Armed Clashes in Sudan (Overview),Sudan,SDN,2942,2026-01-31T00:00:00,2026,1,32,Conflict,,,Gedaref,SD12,BA
Armed Clashes in Sudan (Overview),Sudan,SDN,1980150,2026-01-31T00:00:00,2026,1,32,Conflict,,,South Darfur,SD03,BA
Armed Clashes in Sudan (Overview),Sudan,SDN,23505,2026-01-31T00:00:00,2026,1,32,Conflict,,,White Nile,SD09,BA
Armed Clashes in Sudan (Overview),Sudan,SDN,756949,2026-02-28T00:00:00,2026,2,33,Conflict,,,Central Darfur,SD06,BA
Armed Clashes in Sudan (Overview),Sudan,SDN,203566,2026-02-28T00:00:00,2026,2,33,Conflict,,,East Darfur,SD05,BA
Armed Clashes in Sudan (Overview),Sudan,SDN,242066,2026-02-28T00:00:00,2026,2,33,Conflict,,,Blue Nile,SD08,BA
Armed Clashes in Sudan (Overview),Sudan,SDN,234691,2026-02-28T00:00:00,2026,2,33,Conflict,,,North Kordofan,SD13,BA
Armed Clashes in Sudan (Overview),Sudan,SDN,374990,2026-02-28T00:00:00,2026,2,33,Conflict,,,South Kordofan,SD07,BA
Armed Clashes in Sudan (Overview),Sudan,SDN,1979629,2026-02-28T00:00:00,2026,2,33,Conflict,,,South Darfur,SD03,BA
Armed Clashes in Sudan (Overview),Sudan,SDN,5051,2026-02-28T00:00:00,2026,2,33,Conflict,,,Northern,SD17,BA
Armed Clashes in Sudan (Overview),Sudan,SDN,2187630,2026-02-28T00:00:00,2026,2,33,Conflict,,,Khartoum,SD01,BA
Armed Clashes in Sudan (Overview),Sudan,SDN,6938,2026-02-28T00:00:00,2026,2,33,Conflict,,,Kassala,SD11,BA
Armed Clashes in Sudan (Overview),Sudan,SDN,23904,2026-02-28T00:00:00,2026,2,33,Conflict,,,Red Sea,SD10,BA
Armed Clashes in Sudan (Overview),Sudan,SDN,362937,2026-02-28T00:00:00,2026,2,33,Conflict,,,West Kordofan,SD18,BA
Armed Clashes in Sudan (Overview),Sudan,SDN,359382,2026-02-28T00:00:00,2026,2,33,Conflict,,,West Darfur,SD04,BA
Armed Clashes in Sudan (Overview),Sudan,SDN,2068046,2026-02-28T00:00:00,2026,2,33,Conflict,,,North Darfur,SD02,BA
Armed Clashes in Sudan (Overview),Sudan,SDN,2147,2026-02-28T00:00:00,2026,2,33,Conflict,,,Gedaref,SD12,BA
Armed Clashes in Sudan (Overview),Sudan,SDN,145400,2026-02-28T00:00:00,2026,2,33,Conflict,,,Aj Jazirah,SD15,BA
Armed Clashes in Sudan (Overview),Sudan,SDN,59572,2026-02-28T00:00:00,2026,2,33,Conflict,,,Sennar,SD14,BA
Armed Clashes in Sudan (Overview),Sudan,SDN,22984,2026-02-28T00:00:00,2026,2,33,Conflict,,,White Nile,SD09,BA
Armed Clashes in Sudan (Overview),Sudan,SDN,8904,2026-02-28T00:00:00,2026,2,33,Conflict,,,River Nile,SD16,BA
Armed Clashes in Sudan (Overview),Sudan,SDN,756766,2026-03-31T00:00:00,2026,3,34,Conflict,,,Central Darfur,SD06,BA
Armed Clashes in Sudan (Overview),Sudan,SDN,2080255,2026-03-31T00:00:00,2026,3,34,Conflict,,,Khartoum,SD01,BA
Armed Clashes in Sudan (Overview),Sudan,SDN,6811,2026-03-31T00:00:00,2026,3,34,Conflict,,,Kassala,SD11,BA
Armed Clashes in Sudan (Overview),Sudan,SDN,2067589,2026-03-31T00:00:00,2026,3,34,Conflict,,,North Darfur,SD02,BA
Armed Clashes in Sudan (Overview),Sudan,SDN,359681,2026-03-31T00:00:00,2026,3,34,Conflict,,,West Darfur,SD04,BA
Armed Clashes in Sudan (Overview),Sudan,SDN,130139,2026-03-31T00:00:00,2026,3,34,Conflict,,,Aj Jazirah,SD15,BA
Armed Clashes in Sudan (Overview),Sudan,SDN,7379,2026-03-31T00:00:00,2026,3,34,Conflict,,,River Nile,SD16,BA
Armed Clashes in Sudan (Overview),Sudan,SDN,378478,2026-03-31T00:00:00,2026,3,34,Conflict,,,South Kordofan,SD07,BA
Armed Clashes in Sudan (Overview),Sudan,SDN,1374,2026-03-31T00:00:00,2026,3,34,Conflict,,,Gedaref,SD12,BA
Armed Clashes in Sudan (Overview),Sudan,SDN,5051,2026-03-31T00:00:00,2026,3,34,Conflict,,,Northern,SD17,BA
Armed Clashes in Sudan (Overview),Sudan,SDN,202845,2026-03-31T00:00:00,2026,3,34,Conflict,,,East Darfur,SD05,BA
Armed Clashes in Sudan (Overview),Sudan,SDN,258123,2026-03-31T00:00:00,2026,3,34,Conflict,,,Blue Nile,SD08,BA
Armed Clashes in Sudan (Overview),Sudan,SDN,21951,2026-03-31T00:00:00,2026,3,34,Conflict,,,White Nile,SD09,BA
Armed Clashes in Sudan (Overview),Sudan,SDN,1979089,2026-03-31T00:00:00,2026,3,34,Conflict,,,South Darfur,SD03,BA
Armed Clashes in Sudan (Overview),Sudan,SDN,362158,2026-03-31T00:00:00,2026,3,34,Conflict,,,West Kordofan,SD18,BA
Armed Clashes in Sudan (Overview),Sudan,SDN,56126,2026-03-31T00:00:00,2026,3,34,Conflict,,,Sennar,SD14,BA
Armed Clashes in Sudan (Overview),Sudan,SDN,23265,2026-03-31T00:00:00,2026,3,34,Conflict,,,Red Sea,SD10,BA
Armed Clashes in Sudan (Overview),Sudan,SDN,239095,2026-03-31T00:00:00,2026,3,34,Conflict,,,North Kordofan,SD13,BA
Armed Clashes in Sudan (Overview),Sudan,SDN,1970901,2026-04-30T00:00:00,2026,4,35,Conflict,,,Khartoum,SD01,BA
Armed Clashes in Sudan (Overview),Sudan,SDN,5051,2026-04-30T00:00:00,2026,4,35,Conflict,,,Northern,SD17,BA
Armed Clashes in Sudan (Overview),Sudan,SDN,1980120,2026-04-30T00:00:00,2026,4,35,Conflict,,,South Darfur,SD03,BA
Armed Clashes in Sudan (Overview),Sudan,SDN,1333,2026-04-30T00:00:00,2026,4,35,Conflict,,,Gedaref,SD12,BA
Armed Clashes in Sudan (Overview),Sudan,SDN,359963,2026-04-30T00:00:00,2026,4,35,Conflict,,,West Darfur,SD04,BA
Armed Clashes in Sudan (Overview),Sudan,SDN,22910,2026-04-30T00:00:00,2026,4,35,Conflict,,,Red Sea,SD10,BA
Armed Clashes in Sudan (Overview),Sudan,SDN,398239,2026-04-30T00:00:00,2026,4,35,Conflict,,,South Kordofan,SD07,BA
Armed Clashes in Sudan (Overview),Sudan,SDN,6811,2026-04-30T00:00:00,2026,4,35,Conflict,,,Kassala,SD11,BA
Armed Clashes in Sudan (Overview),Sudan,SDN,2059824,2026-04-30T00:00:00,2026,4,35,Conflict,,,North Darfur,SD02,BA
Armed Clashes in Sudan (Overview),Sudan,SDN,51786,2026-04-30T00:00:00,2026,4,35,Conflict,,,Sennar,SD14,BA
Armed Clashes in Sudan (Overview),Sudan,SDN,268678,2026-04-30T00:00:00,2026,4,35,Conflict,,,North Kordofan,SD13,BA
Armed Clashes in Sudan (Overview),Sudan,SDN,7394,2026-04-30T00:00:00,2026,4,35,Conflict,,,River Nile,SD16,BA
Armed Clashes in Sudan (Overview),Sudan,SDN,16811,2026-04-30T00:00:00,2026,4,35,Conflict,,,White Nile,SD09,BA
Armed Clashes in Sudan (Overview),Sudan,SDN,202849,2026-04-30T00:00:00,2026,4,35,Conflict,,,East Darfur,SD05,BA
Armed Clashes in Sudan (Overview),Sudan,SDN,367327,2026-04-30T00:00:00,2026,4,35,Conflict,,,West Kordofan,SD18,BA
Armed Clashes in Sudan (Overview),Sudan,SDN,125205,2026-04-30T00:00:00,2026,4,35,Conflict,,,Aj Jazirah,SD15,BA
Armed Clashes in Sudan (Overview),Sudan,SDN,756542,2026-04-30T00:00:00,2026,4,35,Conflict,,,Central Darfur,SD06,BA
Armed Clashes in Sudan (Overview),Sudan,SDN,275771,2026-04-30T00:00:00,2026,4,35,Conflict,,,Blue Nile,SD08,BA
Armed Clashes in Sudan (Overview),Sudan,SDN,403250,2026-05-31T00:00:00,2026,5,36,Conflict,,,South Kordofan,SD07,BA
Armed Clashes in Sudan (Overview),Sudan,SDN,288283,2026-05-31T00:00:00,2026,5,36,Conflict,,,North Kordofan,SD13,BA
Armed Clashes in Sudan (Overview),Sudan,SDN,375117,2026-05-31T00:00:00,2026,5,37,Conflict,,,West Kordofan,SD18,BA
Armed Clashes in Sudan (Overview),Sudan,SDN,2069123,2026-05-31T00:00:00,2026,5,37,Conflict,,,North Darfur,SD02,BA
Armed Clashes in Sudan (Overview),Sudan,SDN,362104,2026-05-31T00:00:00,2026,5,37,Conflict,,,West Darfur,SD04,BA
Armed Clashes in Sudan (Overview),Sudan,SDN,1866534,2026-05-31T00:00:00,2026,5,36,Conflict,,,Khartoum,SD01,BA
Armed Clashes in Sudan (Overview),Sudan,SDN,1273,2026-05-31T00:00:00,2026,5,37,Conflict,,,Gedaref,SD12,BA
Armed Clashes in Sudan (Overview),Sudan,SDN,2066306,2026-05-31T00:00:00,2026,5,36,Conflict,,,North Darfur,SD02,BA
Armed Clashes in Sudan (Overview),Sudan,SDN,756984,2026-05-31T00:00:00,2026,5,36,Conflict,,,Central Darfur,SD06,BA
Armed Clashes in Sudan (Overview),Sudan,SDN,6811,2026-05-31T00:00:00,2026,5,36,Conflict,,,Kassala,SD11,BA
Armed Clashes in Sudan (Overview),Sudan,SDN,15459,2026-05-31T00:00:00,2026,5,37,Conflict,,,White Nile,SD09,BA
Armed Clashes in Sudan (Overview),Sudan,SDN,282633,2026-05-31T00:00:00,2026,5,36,Conflict,,,Blue Nile,SD08,BA
Armed Clashes in Sudan (Overview),Sudan,SDN,3942,2026-05-31T00:00:00,2026,5,37,Conflict,,,Northern,SD17,BA
Armed Clashes in Sudan (Overview),Sudan,SDN,1981456,2026-05-31T00:00:00,2026,5,36,Conflict,,,South Darfur,SD03,BA
Armed Clashes in Sudan (Overview),Sudan,SDN,756764,2026-05-31T00:00:00,2026,5,37,Conflict,,,Central Darfur,SD06,BA
Armed Clashes in Sudan (Overview),Sudan,SDN,361342,2026-05-31T00:00:00,2026,5,36,Conflict,,,West Darfur,SD04,BA
Armed Clashes in Sudan (Overview),Sudan,SDN,406481,2026-05-31T00:00:00,2026,5,37,Conflict,,,South Kordofan,SD07,BA
Armed Clashes in Sudan (Overview),Sudan,SDN,120002,2026-05-31T00:00:00,2026,5,36,Conflict,,,Aj Jazirah,SD15,BA
Armed Clashes in Sudan (Overview),Sudan,SDN,6229,2026-05-31T00:00:00,2026,5,37,Conflict,,,River Nile,SD16,BA
Armed Clashes in Sudan (Overview),Sudan,SDN,21110,2026-05-31T00:00:00,2026,5,36,Conflict,,,Red Sea,SD10,BA
Armed Clashes in Sudan (Overview),Sudan,SDN,371162,2026-05-31T00:00:00,2026,5,36,Conflict,,,West Kordofan,SD18,BA
Armed Clashes in Sudan (Overview),Sudan,SDN,296824,2026-05-31T00:00:00,2026,5,37,Conflict,,,North Kordofan,SD13,BA
Armed Clashes in Sudan (Overview),Sudan,SDN,46435,2026-05-31T00:00:00,2026,5,37,Conflict,,,Sennar,SD14,BA
Armed Clashes in Sudan (Overview),Sudan,SDN,276029,2026-05-31T00:00:00,2026,5,37,Conflict,,,Blue Nile,SD08,BA
Armed Clashes in Sudan (Overview),Sudan,SDN,1333,2026-05-31T00:00:00,2026,5,36,Conflict,,,Gedaref,SD12,BA
Armed Clashes in Sudan (Overview),Sudan,SDN,6894,2026-05-31T00:00:00,2026,5,36,Conflict,,,River Nile,SD16,BA
Armed Clashes in Sudan (Overview),Sudan,SDN,14904,2026-05-31T00:00:00,2026,5,36,Conflict,,,White Nile,SD09,BA
Armed Clashes in Sudan (Overview),Sudan,SDN,3942,2026-05-31T00:00:00,2026,5,36,Conflict,,,Northern,SD17,BA
Armed Clashes in Sudan (Overview),Sudan,SDN,1743651,2026-05-31T00:00:00,2026,5,37,Conflict,,,Khartoum,SD01,BA
Armed Clashes in Sudan (Overview),Sudan,SDN,6811,2026-05-31T00:00:00,2026,5,37,Conflict,,,Kassala,SD11,BA
Armed Clashes in Sudan (Overview),Sudan,SDN,203068,2026-05-31T00:00:00,2026,5,37,Conflict,,,East Darfur,SD05,BA
Armed Clashes in Sudan (Overview),Sudan,SDN,202994,2026-05-31T00:00:00,2026,5,36,Conflict,,,East Darfur,SD05,BA
Armed Clashes in Sudan (Overview),Sudan,SDN,20975,2026-05-31T00:00:00,2026,5,37,Conflict,,,Red Sea,SD10,BA
Armed Clashes in Sudan (Overview),Sudan,SDN,49566,2026-05-31T00:00:00,2026,5,36,Conflict,,,Sennar,SD14,BA
Armed Clashes in Sudan (Overview),Sudan,SDN,1983735,2026-05-31T00:00:00,2026,5,37,Conflict,,,South Darfur,SD03,BA
Armed Clashes in Sudan (Overview),Sudan,SDN,111253,2026-05-31T00:00:00,2026,5,37,Conflict,,,Aj Jazirah,SD15,BA
